{
  "services": {
    "ac-installation-tucson": {
      "dataFile": "acinstallation",
      "canonicalSlug": "ac-installation-tucson"
    },
    "ac-repair-tucson": {
      "dataFile": "acrepair",
      "canonicalSlug": "ac-repair-tucson"
    },
    "ac-service-tucson": {
      "dataFile": "acservice",
      "canonicalSlug": "ac-service-tucson"
    },
    "ac-tuneup-tucson": {
      "dataFile": "actuneup",
      "canonicalSlug": "ac-tuneup-tucson"
    },
    "bidet-installation": {
      "dataFile": "bidetinstallation",
      "canonicalSlug": "bidet-installation"
    },
    "ceiling-fan-installation": {
      "dataFile": "ceilingfaninstallation",
      "canonicalSlug": "ceiling-fan-installation"
    },
    "circuit-breakers": {
      "dataFile": "circuitbreakers",
      "canonicalSlug": "circuit-breakers"
    },
    "commercial-roof-coating": {
      "dataFile": "commercialroofcoating",
      "canonicalSlug": "commercial-roof-coating"
    },
    "commercial-roof-inspection": {
      "dataFile": "commercialroofinspection",
      "canonicalSlug": "commercial-roof-inspection"
    },
    "commercial-roof-installation": {
      "dataFile": "commercialroofinstallation",
      "canonicalSlug": "commercial-roof-installation"
    },
    "commercial-roof-repair": {
      "dataFile": "commercialroofrepair",
      "canonicalSlug": "commercial-roof-repair"
    },
    "commercial-roof-replacement": {
      "dataFile": "commercialroofreplacement",
      "canonicalSlug": "commercial-roof-replacement"
    },
    "commercial-solar-installation": {
      "dataFile": "commercialsolarinstallation",
      "canonicalSlug": "commercial-solar-installation"
    },
    "corona-de-tucson": {
      "dataFile": "coronadetucson",
      "canonicalSlug": "corona-de-tucson"
    },
    "cortaro": {
      "dataFile": "cortaro",
      "canonicalSlug": "cortaro"
    },
    "customer-reviews": {
      "dataFile": "customerreviews",
      "canonicalSlug": "customer-reviews"
    },
    "drain-clearing": {
      "dataFile": "drainclearing",
      "canonicalSlug": "drain-clearing"
    },
    "drain-clearing-avra-valley": {
      "dataFile": "drainclearingavravalley",
      "canonicalSlug": "drain-clearing-avra-valley"
    },
    "drain-clearing-casas-adobes": {
      "dataFile": "drainclearingcasasadobes",
      "canonicalSlug": "drain-clearing-casas-adobes"
    },
    "drain-clearing-catalina-foothills": {
      "dataFile": "drainclearingcatalinafoothills",
      "canonicalSlug": "drain-clearing-catalina-foothills"
    },
    "drain-clearing-coronade-tucson": {
      "dataFile": "drainclearingcoronadetucson",
      "canonicalSlug": "drain-clearing-coronade-tucson"
    },
    "drain-clearing-drexel-heights": {
      "dataFile": "drainclearingdrexelheights",
      "canonicalSlug": "drain-clearing-drexel-heights"
    },
    "drain-clearing-east-tucson": {
      "dataFile": "drainclearingeasttucson",
      "canonicalSlug": "drain-clearing-east-tucson"
    },
    "drain-clearing-gladden-farms": {
      "dataFile": "drainclearinggladdenfarms",
      "canonicalSlug": "drain-clearing-gladden-farms"
    },
    "drain-clearing-green-valley": {
      "dataFile": "drainclearinggreenvalley",
      "canonicalSlug": "drain-clearing-green-valley"
    },
    "drain-clearing-marana": {
      "dataFile": "drainclearingmarana",
      "canonicalSlug": "drain-clearing-marana"
    },
    "drain-clearing-oro-valley": {
      "dataFile": "drainclearingorovalley",
      "canonicalSlug": "drain-clearing-oro-valley"
    },
    "drain-clearing-picture-rocks": {
      "dataFile": "drainclearingpicturerocks",
      "canonicalSlug": "drain-clearing-picture-rocks"
    },
    "drain-clearing-red-rock": {
      "dataFile": "drainclearingredrockcasagrande",
      "canonicalSlug": "drain-clearing-red-rock"
    },
    "drain-clearing-rita-ranch": {
      "dataFile": "drainclearingritaranch",
      "canonicalSlug": "drain-clearing-rita-ranch"
    },
    "drain-clearing-saddle-brooke": {
      "dataFile": "drainclearingsaddlebrookecatalina",
      "canonicalSlug": "drain-clearing-saddle-brooke"
    },
    "drain-clearing-sahuarita": {
      "dataFile": "drainclearingsahuarita",
      "canonicalSlug": "drain-clearing-sahuarita"
    },
    "drain-clearing-tanque-verde": {
      "dataFile": "drainclearingtanqueverde",
      "canonicalSlug": "drain-clearing-tanque-verde"
    },
    "drain-clearing-tortolita": {
      "dataFile": "drainclearingtortolita",
      "canonicalSlug": "drain-clearing-tortolita"
    },
    "drain-clearing-tucson": {
      "dataFile": "drainclearingtucson",
      "canonicalSlug": "drain-clearing-tucson"
    },
    "drain-clearing-tucson-estates": {
      "dataFile": "drainclearingtucsonestates",
      "canonicalSlug": "drain-clearing-tucson-estates"
    },
    "drain-clearing-vail": {
      "dataFile": "drainclearingvail",
      "canonicalSlug": "drain-clearing-vail"
    },
    "drainsewer-avravalley": {
      "dataFile": "drainseweravravalley",
      "canonicalSlug": "drainsewer-avravalley"
    },
    "drainsewer-casasadobes": {
      "dataFile": "drainsewercasasadobes",
      "canonicalSlug": "drainsewer-casasadobes"
    },
    "drainsewer-catalinafoothills": {
      "dataFile": "drainsewercatalinafoothills",
      "canonicalSlug": "drainsewer-catalinafoothills"
    },
    "drainsewer-coronadetucson": {
      "dataFile": "drainsewercoronadetucson",
      "canonicalSlug": "drainsewer-coronadetucson"
    },
    "drainsewer-cortaro": {
      "dataFile": "drainsewercortaro",
      "canonicalSlug": "drainsewer-cortaro"
    },
    "drainsewer-drexelheights": {
      "dataFile": "drainsewerdrexelheights",
      "canonicalSlug": "drainsewer-drexelheights"
    },
    "drainsewer-easttucson": {
      "dataFile": "drainsewereasttucson",
      "canonicalSlug": "drainsewer-easttucson"
    },
    "drainsewer-gladdenfarms": {
      "dataFile": "drainsewergladdenfarms",
      "canonicalSlug": "drainsewer-gladdenfarms"
    },
    "drainsewer-greenvalley": {
      "dataFile": "drainsewergreenvalley",
      "canonicalSlug": "drainsewer-greenvalley"
    },
    "drainsewer-marana": {
      "dataFile": "drainsewermarana",
      "canonicalSlug": "drainsewer-marana"
    },
    "drainsewer-orovalley": {
      "dataFile": "drainsewerorovalley",
      "canonicalSlug": "drainsewer-orovalley"
    },
    "drainsewer-picturerocks": {
      "dataFile": "drainsewerpicturerocks",
      "canonicalSlug": "drainsewer-picturerocks"
    },
    "drain-sewer-redrockcasagrande": {
      "dataFile": "drainsewerredrockcasagrande",
      "canonicalSlug": "drain-sewer-redrockcasagrande"
    },
    "drainsewer-rillito": {
      "dataFile": "drainsewerrillito",
      "canonicalSlug": "drainsewer-rillito"
    },
    "drainsewer-ritaranch": {
      "dataFile": "drainsewerritaranch",
      "canonicalSlug": "drainsewer-ritaranch"
    },
    "drain-sewer-saddlebrookecatalina": {
      "dataFile": "drainsewersaddlebrookecatalina",
      "canonicalSlug": "drain-sewer-saddlebrookecatalina"
    },
    "drainsewer-sahuarita": {
      "dataFile": "drainsewersahuarita",
      "canonicalSlug": "drainsewer-sahuarita"
    },
    "drainsewer-tanqueverde": {
      "dataFile": "drainsewertanqueverde",
      "canonicalSlug": "drainsewer-tanqueverde"
    },
    "drainsewer-tucson": {
      "dataFile": "drainsewertucson",
      "canonicalSlug": "drainsewer-tucson"
    },
    "drainsewer-vail": {
      "dataFile": "drainsewervail",
      "canonicalSlug": "drainsewer-vail"
    },
    "duct-cleaning-tucson": {
      "dataFile": "ductcleaning",
      "canonicalSlug": "duct-cleaning-tucson"
    },
    "duct-installation-tucson": {
      "dataFile": "ductinstallation",
      "canonicalSlug": "duct-installation-tucson"
    },
    "ductless-installation-tucson": {
      "dataFile": "ductlessminisplitinstallation",
      "canonicalSlug": "ductless-installation-tucson"
    },
    "ductless-repair-tucson": {
      "dataFile": "ductlessminisplitrepair",
      "canonicalSlug": "ductless-repair-tucson"
    },
    "duct-repair-tucson": {
      "dataFile": "ductrepair",
      "canonicalSlug": "duct-repair-tucson"
    },
    "duct-sealing-tucson": {
      "dataFile": "ductsealing",
      "canonicalSlug": "duct-sealing-tucson"
    },
    "east-tucson": {
      "dataFile": "easttucson",
      "canonicalSlug": "east-tucson"
    },
    "electrical-avra-valley": {
      "dataFile": "electricalavravalley",
      "canonicalSlug": "electrical-avra-valley"
    },
    "electrical-casas-adobes": {
      "dataFile": "electricalcasasadobes",
      "canonicalSlug": "electrical-casas-adobes"
    },
    "electrical-catalinafoothills": {
      "dataFile": "electricalcatalinafoothills",
      "canonicalSlug": "electrical-catalinafoothills"
    },
    "electrical-coronade-tucson": {
      "dataFile": "electricalcoronadetucson",
      "canonicalSlug": "electrical-coronade-tucson"
    },
    "electrical-cortaro": {
      "dataFile": "electricalcortaro",
      "canonicalSlug": "electrical-cortaro"
    },
    "electrical-drexel-heights": {
      "dataFile": "electricaldrexelheights",
      "canonicalSlug": "electrical-drexel-heights"
    },
    "electrical-east-tucson": {
      "dataFile": "electricaleasttucson",
      "canonicalSlug": "electrical-east-tucson"
    },
    "electrical-gladden-farms": {
      "dataFile": "electricalgladdenfarms",
      "canonicalSlug": "electrical-gladden-farms"
    },
    "electrical-green-valley": {
      "dataFile": "electricalgreenvalley",
      "canonicalSlug": "electrical-green-valley"
    },
    "electrical-marana": {
      "dataFile": "electricalmarana",
      "canonicalSlug": "electrical-marana"
    },
    "electrical-oro-valley": {
      "dataFile": "electricalorovalley",
      "canonicalSlug": "electrical-oro-valley"
    },
    "electrical-panel-upgrades": {
      "dataFile": "electricalpanelupgrades",
      "canonicalSlug": "electrical-panel-upgrades"
    },
    "electrical-picture-rocks": {
      "dataFile": "electricalpicturerocks",
      "canonicalSlug": "electrical-picture-rocks"
    },
    "electrical-redrockcasagrande": {
      "dataFile": "electricalredrockcasagrande",
      "canonicalSlug": "electrical-redrockcasagrande"
    },
    "electrical-repair": {
      "dataFile": "electricalrepair",
      "canonicalSlug": "electrical-repair"
    },
    "electrical-rillito": {
      "dataFile": "electricalrillito",
      "canonicalSlug": "electrical-rillito"
    },
    "electrical-rita-ranch": {
      "dataFile": "electricalritaranch",
      "canonicalSlug": "electrical-rita-ranch"
    },
    "electrical-saddle-brooke": {
      "dataFile": "electricalsaddlebrooke",
      "canonicalSlug": "electrical-saddle-brooke"
    },
    "electrical-saddlebrookecatalina": {
      "dataFile": "electricalsaddlebrookecatalina",
      "canonicalSlug": "electrical-saddlebrookecatalina"
    },
    "electrical-sahuarita": {
      "dataFile": "electricalsahuarita",
      "canonicalSlug": "electrical-sahuarita"
    },
    "electrical-tanque-verde": {
      "dataFile": "electricaltanqueverde",
      "canonicalSlug": "electrical-tanque-verde"
    },
    "electrical-tortolita": {
      "dataFile": "electricaltortolita",
      "canonicalSlug": "electrical-tortolita"
    },
    "electrical-tucson": {
      "dataFile": "electricaltucson",
      "canonicalSlug": "electrical-tucson"
    },
    "electrical-tucson-estates": {
      "dataFile": "electricaltucsonestates",
      "canonicalSlug": "electrical-tucson-estates"
    },
    "electrical-vail": {
      "dataFile": "electricalvail",
      "canonicalSlug": "electrical-vail"
    },
    "family-protection-plans": {
      "dataFile": "familyprotectionplans",
      "canonicalSlug": "family-protection-plans"
    },
    "financing": {
      "dataFile": "financing",
      "canonicalSlug": "financing"
    },
    "flat-roofs": {
      "dataFile": "flatroofs",
      "canonicalSlug": "flat-roofs"
    },
    "furnaces-tucson": {
      "dataFile": "furnaces",
      "canonicalSlug": "furnaces-tucson"
    },
    "garbage-disposal": {
      "dataFile": "garbagedisposal",
      "canonicalSlug": "garbage-disposal"
    },
    "generac-installation": {
      "dataFile": "generacinstallation",
      "canonicalSlug": "generac-installation"
    },
    "generac-repair": {
      "dataFile": "generacrepair",
      "canonicalSlug": "generac-repair"
    },
    "gladden-farms": {
      "dataFile": "gladdenfarms",
      "canonicalSlug": "gladden-farms"
    },
    "guarantees": {
      "dataFile": "guarantees",
      "canonicalSlug": "guarantees"
    },
    "heater-installation-tucson": {
      "dataFile": "heaterinstallation",
      "canonicalSlug": "heater-installation-tucson"
    },
    "heater-repair-tucson": {
      "dataFile": "heaterrepair",
      "canonicalSlug": "heater-repair-tucson"
    },
    "heater-service-tucson": {
      "dataFile": "heaterservice",
      "canonicalSlug": "heater-service-tucson"
    },
    "heater-tuneup-tucson": {
      "dataFile": "heatertuneup",
      "canonicalSlug": "heater-tuneup-tucson"
    },
    "heating-avra-valley": {
      "dataFile": "heatingavravalley",
      "canonicalSlug": "heating-avra-valley"
    },
    "heating-casas-adobes": {
      "dataFile": "heatingcasasadobes",
      "canonicalSlug": "heating-casas-adobes"
    },
    "heating-catalinafoothills": {
      "dataFile": "heatingcatalinafoothills",
      "canonicalSlug": "heating-catalinafoothills"
    },
    "heating-coronade-tucson": {
      "dataFile": "heatingcoronadetucson",
      "canonicalSlug": "heating-coronade-tucson"
    },
    "heating-cortaro": {
      "dataFile": "heatingcortaro",
      "canonicalSlug": "heating-cortaro"
    },
    "heating-drexel-heights": {
      "dataFile": "heatingdrexelheights",
      "canonicalSlug": "heating-drexel-heights"
    },
    "heating-east-tucson": {
      "dataFile": "heatingeasttucson",
      "canonicalSlug": "heating-east-tucson"
    },
    "heating-gladden-farms": {
      "dataFile": "heatinggladdenfarms",
      "canonicalSlug": "heating-gladden-farms"
    },
    "heating-green-valley": {
      "dataFile": "heatinggreenvalley",
      "canonicalSlug": "heating-green-valley"
    },
    "heating-marana": {
      "dataFile": "heatingmarana",
      "canonicalSlug": "heating-marana"
    },
    "heating-oro-valley": {
      "dataFile": "heatingorovalley",
      "canonicalSlug": "heating-oro-valley"
    },
    "heating-picture-rocks": {
      "dataFile": "heatingpicturerocks",
      "canonicalSlug": "heating-picture-rocks"
    },
    "heating-redrockcasagrande": {
      "dataFile": "heatingredrockcasagrande",
      "canonicalSlug": "heating-redrockcasagrande"
    },
    "heating-rillito": {
      "dataFile": "heatingrillito",
      "canonicalSlug": "heating-rillito"
    },
    "heating-rita-ranch": {
      "dataFile": "heatingritaranch",
      "canonicalSlug": "heating-rita-ranch"
    },
    "heating-saddle-brooke": {
      "dataFile": "heatingsaddlebrooke",
      "canonicalSlug": "heating-saddle-brooke"
    },
    "heating-saddlebrookecatalina": {
      "dataFile": "heatingsaddlebrookecatalina",
      "canonicalSlug": "heating-saddlebrookecatalina"
    },
    "heating-sahuarita": {
      "dataFile": "heatingsahuarita",
      "canonicalSlug": "heating-sahuarita"
    },
    "heating-tanque-verde": {
      "dataFile": "heatingtanqueverde",
      "canonicalSlug": "heating-tanque-verde"
    },
    "heating-tortolita": {
      "dataFile": "heatingtortolita",
      "canonicalSlug": "heating-tortolita"
    },
    "heating-tucson": {
      "dataFile": "heatingtucson",
      "canonicalSlug": "heating-tucson"
    },
    "heating-tucson-estates": {
      "dataFile": "heatingtucsonestates",
      "canonicalSlug": "heating-tucson-estates"
    },
    "heating-vail": {
      "dataFile": "heatingvail",
      "canonicalSlug": "heating-vail"
    },
    "heat-pumps-tucson": {
      "dataFile": "heatpumps",
      "canonicalSlug": "heat-pumps-tucson"
    },
    "home": {
      "dataFile": "home",
      "canonicalSlug": "home"
    },
    "home-energy-audit-tucson": {
      "dataFile": "homeenergyaudit",
      "canonicalSlug": "home-energy-audit-tucson"
    },
    "home-energy-upgrades-tucson": {
      "dataFile": "homeenergyupgrades",
      "canonicalSlug": "home-energy-upgrades-tucson"
    },
    "h-v-a-c-avra-valley": {
      "dataFile": "hvacavravalley",
      "canonicalSlug": "h-v-a-c-avra-valley"
    },
    "h-v-a-c-casas-adobes": {
      "dataFile": "hvaccasasadobes",
      "canonicalSlug": "h-v-a-c-casas-adobes"
    },
    "hvac-catalinafoothills": {
      "dataFile": "hvaccatalinafoothills",
      "canonicalSlug": "hvac-catalinafoothills"
    },
    "h-v-a-c-coronade-tucson": {
      "dataFile": "hvaccoronadetucson",
      "canonicalSlug": "h-v-a-c-coronade-tucson"
    },
    "h-v-a-c-cortaro": {
      "dataFile": "hvaccortaro",
      "canonicalSlug": "h-v-a-c-cortaro"
    },
    "h-v-a-c-drexel-heights": {
      "dataFile": "hvacdrexelheights",
      "canonicalSlug": "h-v-a-c-drexel-heights"
    },
    "h-v-a-c-east-tucson": {
      "dataFile": "hvaceasttucson",
      "canonicalSlug": "h-v-a-c-east-tucson"
    },
    "h-v-a-c-gladden-farms": {
      "dataFile": "hvacgladdenfarms",
      "canonicalSlug": "h-v-a-c-gladden-farms"
    },
    "h-v-a-c-green-valley": {
      "dataFile": "hvacgreenvalley",
      "canonicalSlug": "h-v-a-c-green-valley"
    },
    "h-v-a-c-marana": {
      "dataFile": "hvacmarana",
      "canonicalSlug": "h-v-a-c-marana"
    },
    "h-v-a-c-oro-valley": {
      "dataFile": "hvacorovalley",
      "canonicalSlug": "h-v-a-c-oro-valley"
    },
    "h-v-a-c-picture-rocks": {
      "dataFile": "hvacpicturerocks",
      "canonicalSlug": "h-v-a-c-picture-rocks"
    },
    "hvac-redrockcasagrande": {
      "dataFile": "hvacredrockcasagrande",
      "canonicalSlug": "hvac-redrockcasagrande"
    },
    "h-v-a-c-rillito": {
      "dataFile": "hvacrillito",
      "canonicalSlug": "h-v-a-c-rillito"
    },
    "h-v-a-c-rita-ranch": {
      "dataFile": "hvacritaranch",
      "canonicalSlug": "h-v-a-c-rita-ranch"
    },
    "h-v-a-c-saddle-brooke": {
      "dataFile": "hvacsaddlebrooke",
      "canonicalSlug": "h-v-a-c-saddle-brooke"
    },
    "hvac-saddlebrookecatalina": {
      "dataFile": "hvacsaddlebrookecatalina",
      "canonicalSlug": "hvac-saddlebrookecatalina"
    },
    "h-v-a-c-sahuarita": {
      "dataFile": "hvacsahuarita",
      "canonicalSlug": "h-v-a-c-sahuarita"
    },
    "h-v-a-c-tanque-verde": {
      "dataFile": "hvactanqueverde",
      "canonicalSlug": "h-v-a-c-tanque-verde"
    },
    "h-v-a-c-tortolita": {
      "dataFile": "hvactortolita",
      "canonicalSlug": "h-v-a-c-tortolita"
    },
    "h-v-a-c-tucson": {
      "dataFile": "hvactucson",
      "canonicalSlug": "h-v-a-c-tucson"
    },
    "h-v-a-c-tucson-estates": {
      "dataFile": "hvactucsonestates",
      "canonicalSlug": "h-v-a-c-tucson-estates"
    },
    "h-v-a-c-vail": {
      "dataFile": "hvacvail",
      "canonicalSlug": "h-v-a-c-vail"
    },
    "hybrid-water-heaters": {
      "dataFile": "hybridwaterheaters",
      "canonicalSlug": "hybrid-water-heaters"
    },
    "indoor-air-quality-tucson": {
      "dataFile": "indoorairquality",
      "canonicalSlug": "indoor-air-quality-tucson"
    },
    "knowledge-hub": {
      "dataFile": "knowledgehub",
      "canonicalSlug": "knowledge-hub"
    },
    "leak-detection": {
      "dataFile": "leakdetection",
      "canonicalSlug": "leak-detection"
    },
    "lighting-upgrades": {
      "dataFile": "lightingupgrades",
      "canonicalSlug": "lighting-upgrades"
    },
    "metal-roofs": {
      "dataFile": "metalroofs",
      "canonicalSlug": "metal-roofs"
    },
    "new-homebuyer-offer": {
      "dataFile": "newhomebuyeroffer",
      "canonicalSlug": "new-homebuyer-offer"
    },
    "outdoor-motion-lighting": {
      "dataFile": "outdoormotionlighting",
      "canonicalSlug": "outdoor-motion-lighting"
    },
    "outlets-switches": {
      "dataFile": "outletsswitches",
      "canonicalSlug": "outlets-switches"
    },
    "pitched-roofs": {
      "dataFile": "pitchedroofs",
      "canonicalSlug": "pitched-roofs"
    },
    "plumbing-avra-valley": {
      "dataFile": "plumbingavravalley",
      "canonicalSlug": "plumbing-avra-valley"
    },
    "plumbing-casas-adobes": {
      "dataFile": "plumbingcasasadobes",
      "canonicalSlug": "plumbing-casas-adobes"
    },
    "plumbing-catalinafoothills": {
      "dataFile": "plumbingcatalinafoothills",
      "canonicalSlug": "plumbing-catalinafoothills"
    },
    "plumbing-coronade-tucson": {
      "dataFile": "plumbingcoronadetucson",
      "canonicalSlug": "plumbing-coronade-tucson"
    },
    "plumbing-cortaro": {
      "dataFile": "plumbingcortaro",
      "canonicalSlug": "plumbing-cortaro"
    },
    "plumbing-drexel-heights": {
      "dataFile": "plumbingdrexelheights",
      "canonicalSlug": "plumbing-drexel-heights"
    },
    "plumbing-east-tucson": {
      "dataFile": "plumbingeasttucson",
      "canonicalSlug": "plumbing-east-tucson"
    },
    "plumbing-gladden-farms": {
      "dataFile": "plumbinggladdenfarms",
      "canonicalSlug": "plumbing-gladden-farms"
    },
    "plumbing-green-valley": {
      "dataFile": "plumbinggreenvalley",
      "canonicalSlug": "plumbing-green-valley"
    },
    "plumbing-maintenance": {
      "dataFile": "plumbingmaintenance",
      "canonicalSlug": "plumbing-maintenance"
    },
    "plumbing-marana": {
      "dataFile": "plumbingmarana",
      "canonicalSlug": "plumbing-marana"
    },
    "plumbing-oro-valley": {
      "dataFile": "plumbingorovalley",
      "canonicalSlug": "plumbing-oro-valley"
    },
    "plumbing-picture-rocks": {
      "dataFile": "plumbingpicturerocks",
      "canonicalSlug": "plumbing-picture-rocks"
    },
    "plumbing-redrockcasagrande": {
      "dataFile": "plumbingredrockcasagrande",
      "canonicalSlug": "plumbing-redrockcasagrande"
    },
    "plumbing-rillito": {
      "dataFile": "plumbingrillito",
      "canonicalSlug": "plumbing-rillito"
    },
    "plumbing-rita-ranch": {
      "dataFile": "plumbingritaranch",
      "canonicalSlug": "plumbing-rita-ranch"
    },
    "plumbing-saddle-brooke": {
      "dataFile": "plumbingsaddlebrooke",
      "canonicalSlug": "plumbing-saddle-brooke"
    },
    "plumbing-saddlebrookecatalina": {
      "dataFile": "plumbingsaddlebrookecatalina",
      "canonicalSlug": "plumbing-saddlebrookecatalina"
    },
    "plumbing-sahuarita": {
      "dataFile": "plumbingsahuarita",
      "canonicalSlug": "plumbing-sahuarita"
    },
    "plumbing-tanque-verde": {
      "dataFile": "plumbingtanqueverde",
      "canonicalSlug": "plumbing-tanque-verde"
    },
    "plumbing-tortolita": {
      "dataFile": "plumbingtortolita",
      "canonicalSlug": "plumbing-tortolita"
    },
    "plumbing-tucson": {
      "dataFile": "plumbingtucson",
      "canonicalSlug": "plumbing-tucson"
    },
    "plumbing-tucson-estates": {
      "dataFile": "plumbingtucsonestates",
      "canonicalSlug": "plumbing-tucson-estates"
    },
    "plumbing-vail": {
      "dataFile": "plumbingvail",
      "canonicalSlug": "plumbing-vail"
    },
    "privacy-policy": {
      "dataFile": "privacypolicy",
      "canonicalSlug": "privacy-policy"
    },
    "realtors-offer": {
      "dataFile": "realtorsoffer",
      "canonicalSlug": "realtors-offer"
    },
    "recent-projects": {
      "dataFile": "recentprojects",
      "canonicalSlug": "recent-projects"
    },
    "residential-roof-coating": {
      "dataFile": "residentialroofcoating",
      "canonicalSlug": "residential-roof-coating"
    },
    "residential-roof-inspection": {
      "dataFile": "residentialroofinspection",
      "canonicalSlug": "residential-roof-inspection"
    },
    "residential-roof-installation": {
      "dataFile": "residentialroofinstallation",
      "canonicalSlug": "residential-roof-installation"
    },
    "residential-roof-repair": {
      "dataFile": "residentialroofrepair",
      "canonicalSlug": "residential-roof-repair"
    },
    "residential-roof-replacement": {
      "dataFile": "residentialroofreplacement",
      "canonicalSlug": "residential-roof-replacement"
    },
    "residential-solar-installation": {
      "dataFile": "residentialsolarinstallation",
      "canonicalSlug": "residential-solar-installation"
    },
    "resources": {
      "dataFile": "resources",
      "canonicalSlug": "resources"
    },
    "rillito": {
      "dataFile": "rillito",
      "canonicalSlug": "rillito"
    },
    "roofing-avra-valley": {
      "dataFile": "roofingavravalley",
      "canonicalSlug": "roofing-avra-valley"
    },
    "roofing-casas-adobes": {
      "dataFile": "roofingcasasadobes",
      "canonicalSlug": "roofing-casas-adobes"
    },
    "roofing-catalinafoothills": {
      "dataFile": "roofingcatalinafoothills",
      "canonicalSlug": "roofing-catalinafoothills"
    },
    "roofing-coronade-tucson": {
      "dataFile": "roofingcoronadetucson",
      "canonicalSlug": "roofing-coronade-tucson"
    },
    "roofing-cortaro": {
      "dataFile": "roofingcortaro",
      "canonicalSlug": "roofing-cortaro"
    },
    "roofing-drexel-heights": {
      "dataFile": "roofingdrexelheights",
      "canonicalSlug": "roofing-drexel-heights"
    },
    "roofing-east-tucson": {
      "dataFile": "roofingeasttucson",
      "canonicalSlug": "roofing-east-tucson"
    },
    "roofing-gladden-farms": {
      "dataFile": "roofinggladdenfarms",
      "canonicalSlug": "roofing-gladden-farms"
    },
    "roofing-green-valley": {
      "dataFile": "roofinggreenvalley",
      "canonicalSlug": "roofing-green-valley"
    },
    "roofing-marana": {
      "dataFile": "roofingmarana",
      "canonicalSlug": "roofing-marana"
    },
    "roofing-oro-valley": {
      "dataFile": "roofingorovalley",
      "canonicalSlug": "roofing-oro-valley"
    },
    "roofing-picture-rocks": {
      "dataFile": "roofingpicturerocks",
      "canonicalSlug": "roofing-picture-rocks"
    },
    "roofing-redrockcasagrande": {
      "dataFile": "roofingredrockcasagrande",
      "canonicalSlug": "roofing-redrockcasagrande"
    },
    "roofing-rillito": {
      "dataFile": "roofingrillito",
      "canonicalSlug": "roofing-rillito"
    },
    "roofing-rita-ranch": {
      "dataFile": "roofingritaranch",
      "canonicalSlug": "roofing-rita-ranch"
    },
    "roofing-saddle-brooke": {
      "dataFile": "roofingsaddlebrooke",
      "canonicalSlug": "roofing-saddle-brooke"
    },
    "roofing-saddlebrookecatalina": {
      "dataFile": "roofingsaddlebrookecatalina",
      "canonicalSlug": "roofing-saddlebrookecatalina"
    },
    "roofing-sahuarita": {
      "dataFile": "roofingsahuarita",
      "canonicalSlug": "roofing-sahuarita"
    },
    "roofing-tanque-verde": {
      "dataFile": "roofingtanqueverde",
      "canonicalSlug": "roofing-tanque-verde"
    },
    "roofing-tortolita": {
      "dataFile": "roofingtortolita",
      "canonicalSlug": "roofing-tortolita"
    },
    "roofing-tucson": {
      "dataFile": "roofingtucson",
      "canonicalSlug": "roofing-tucson"
    },
    "roofing-tucson-estates": {
      "dataFile": "roofingtucsonestates",
      "canonicalSlug": "roofing-tucson-estates"
    },
    "roofing-vail": {
      "dataFile": "roofingvail",
      "canonicalSlug": "roofing-vail"
    },
    "rooter-special": {
      "dataFile": "rooterspecial",
      "canonicalSlug": "rooter-special"
    },
    "saddlebrooke-catalina": {
      "dataFile": "saddlebrooke",
      "canonicalSlug": "saddlebrooke-catalina"
    },
    "sewer-camera-inspection": {
      "dataFile": "sewercamerainspection",
      "canonicalSlug": "sewer-camera-inspection"
    },
    "sewer-line-repair": {
      "dataFile": "sewerlinerepair",
      "canonicalSlug": "sewer-line-repair"
    },
    "shingle-roofs": {
      "dataFile": "shingleroofs",
      "canonicalSlug": "shingle-roofs"
    },
    "sink-repair-installation": {
      "dataFile": "sinkrepairinstallation",
      "canonicalSlug": "sink-repair-installation"
    },
    "skylights": {
      "dataFile": "skylights",
      "canonicalSlug": "skylights"
    },
    "smart-thermostat-installation-tucson": {
      "dataFile": "smartthermostatinstallation",
      "canonicalSlug": "smart-thermostat-installation-tucson"
    },
    "solar-a-c": {
      "dataFile": "solarac",
      "canonicalSlug": "solar-a-c"
    },
    "solar-installation-avra-valley": {
      "dataFile": "solarinstallationavravalley",
      "canonicalSlug": "solar-installation-avra-valley"
    },
    "solar-installation-casas-adobes": {
      "dataFile": "solarinstallationcasasadobes",
      "canonicalSlug": "solar-installation-casas-adobes"
    },
    "solarinstallation-catalinafoothills": {
      "dataFile": "solarinstallationcatalinafoothills",
      "canonicalSlug": "solarinstallation-catalinafoothills"
    },
    "solar-installation-coronade-tucson": {
      "dataFile": "solarinstallationcoronadetucson",
      "canonicalSlug": "solar-installation-coronade-tucson"
    },
    "solar-installation-cortaro": {
      "dataFile": "solarinstallationcortaro",
      "canonicalSlug": "solar-installation-cortaro"
    },
    "solar-installation-drexel-heights": {
      "dataFile": "solarinstallationdrexelheights",
      "canonicalSlug": "solar-installation-drexel-heights"
    },
    "solar-installation-east-tucson": {
      "dataFile": "solarinstallationeasttucson",
      "canonicalSlug": "solar-installation-east-tucson"
    },
    "solar-installation-gladden-farms": {
      "dataFile": "solarinstallationgladdenfarms",
      "canonicalSlug": "solar-installation-gladden-farms"
    },
    "solar-installation-green-valley": {
      "dataFile": "solarinstallationgreenvalley",
      "canonicalSlug": "solar-installation-green-valley"
    },
    "solar-installation-marana": {
      "dataFile": "solarinstallationmarana",
      "canonicalSlug": "solar-installation-marana"
    },
    "solar-installation-oro-valley": {
      "dataFile": "solarinstallationorovalley",
      "canonicalSlug": "solar-installation-oro-valley"
    },
    "solar-installation-picture-rocks": {
      "dataFile": "solarinstallationpicturerocks",
      "canonicalSlug": "solar-installation-picture-rocks"
    },
    "solar-installation-redrockcasagrande": {
      "dataFile": "solarinstallationredrockcasagrande",
      "canonicalSlug": "solar-installation-redrockcasagrande"
    },
    "solar-installation-rillito": {
      "dataFile": "solarinstallationrillito",
      "canonicalSlug": "solar-installation-rillito"
    },
    "solar-installation-rita-ranch": {
      "dataFile": "solarinstallationritaranch",
      "canonicalSlug": "solar-installation-rita-ranch"
    },
    "solar-installation-saddle-brooke": {
      "dataFile": "solarinstallationsaddlebrooke",
      "canonicalSlug": "solar-installation-saddle-brooke"
    },
    "solar-installation-saddlebrookecatalina": {
      "dataFile": "solarinstallationsaddlebrookecatalina",
      "canonicalSlug": "solar-installation-saddlebrookecatalina"
    },
    "solar-installation-sahuarita": {
      "dataFile": "solarinstallationsahuarita",
      "canonicalSlug": "solar-installation-sahuarita"
    },
    "solar-installation-tanque-verde": {
      "dataFile": "solarinstallationtanqueverde",
      "canonicalSlug": "solar-installation-tanque-verde"
    },
    "solar-installation-tortolita": {
      "dataFile": "solarinstallationtortolita",
      "canonicalSlug": "solar-installation-tortolita"
    },
    "solar-installation-tucson": {
      "dataFile": "solarinstallationtucson",
      "canonicalSlug": "solar-installation-tucson"
    },
    "solar-installation-tucson-estates": {
      "dataFile": "solarinstallationtucsonestates",
      "canonicalSlug": "solar-installation-tucson-estates"
    },
    "solar-installation-vail": {
      "dataFile": "solarinstallationvail",
      "canonicalSlug": "solar-installation-vail"
    },
    "solar-maintenance": {
      "dataFile": "solarmaintenance",
      "canonicalSlug": "solar-maintenance"
    },
    "solar-panel-costs": {
      "dataFile": "solarpanelcosts",
      "canonicalSlug": "solar-panel-costs"
    },
    "solar-tax-credits": {
      "dataFile": "solartaxcredits",
      "canonicalSlug": "solar-tax-credits"
    },
    "solar-tubular-lights": {
      "dataFile": "solartubularlights",
      "canonicalSlug": "solar-tubular-lights"
    },
    "tile-roofs": {
      "dataFile": "tileroofs",
      "canonicalSlug": "tile-roofs"
    },
    "toilet-installation": {
      "dataFile": "toiletinstallation",
      "canonicalSlug": "toilet-installation"
    },
    "tortolita": {
      "dataFile": "tortolita",
      "canonicalSlug": "tortolita"
    },
    "trenchless-repair": {
      "dataFile": "trenchlessrepair",
      "canonicalSlug": "trenchless-repair"
    },
    "tucson-estates": {
      "dataFile": "tucsonestates",
      "canonicalSlug": "tucson-estates"
    },
    "video-testimonials": {
      "dataFile": "videotestimonials",
      "canonicalSlug": "video-testimonials"
    },
    "water-filtration": {
      "dataFile": "waterfiltration",
      "canonicalSlug": "water-filtration"
    },
    "water-heater-flush": {
      "dataFile": "waterheaterflush",
      "canonicalSlug": "water-heater-flush"
    },
    "water-heater-installation": {
      "dataFile": "waterheaterinstallation",
      "canonicalSlug": "water-heater-installation"
    },
    "water-heater-repair": {
      "dataFile": "waterheaterrepair",
      "canonicalSlug": "water-heater-repair"
    },
    "water-heaters": {
      "dataFile": "waterheaters",
      "canonicalSlug": "water-heaters"
    },
    "water-leak-repair": {
      "dataFile": "waterleakrepair",
      "canonicalSlug": "water-leak-repair"
    },
    "water-softeners": {
      "dataFile": "watersofteners",
      "canonicalSlug": "water-softeners"
    },
    "why-tucson-chooses-intelligent-design": {
      "dataFile": "whytucsonchoosesintelligentdesign",
      "canonicalSlug": "why-tucson-chooses-intelligent-design"
    }
  },
  "aliases": {
    "acinstallation": "ac-installation-tucson",
    "acrepair": "ac-repair-tucson",
    "acservice": "ac-service-tucson",
    "actuneup": "ac-tuneup-tucson",
    "bidetinstallation": "bidet-installation",
    "ceilingfaninstallation": "ceiling-fan-installation",
    "circuitbreakers": "circuit-breakers",
    "commercialroofcoating": "commercial-roof-coating",
    "commercialroofinspection": "commercial-roof-inspection",
    "commercialroofinstallation": "commercial-roof-installation",
    "commercialroofrepair": "commercial-roof-repair",
    "commercialroofreplacement": "commercial-roof-replacement",
    "commercialsolarinstallation": "commercial-solar-installation",
    "coronadetucson": "corona-de-tucson",
    "customerreviews": "customer-reviews",
    "drainclearing": "drain-clearing",
    "drainclearingavravalley": "drain-clearing-avra-valley",
    "drainclearingcasasadobes": "drain-clearing-casas-adobes",
    "drainclearingcatalinafoothills": "drain-clearing-catalina-foothills",
    "drainclearingcoronadetucson": "drain-clearing-coronade-tucson",
    "drainclearingdrexelheights": "drain-clearing-drexel-heights",
    "drainclearingeasttucson": "drain-clearing-east-tucson",
    "drainclearinggladdenfarms": "drain-clearing-gladden-farms",
    "drainclearinggreenvalley": "drain-clearing-green-valley",
    "drainclearingmarana": "drain-clearing-marana",
    "drainclearingorovalley": "drain-clearing-oro-valley",
    "drainclearingpicturerocks": "drain-clearing-picture-rocks",
    "drainclearingredrockcasagrande": "drain-clearing-red-rock",
    "drainclearingritaranch": "drain-clearing-rita-ranch",
    "drainclearingsaddlebrookecatalina": "drain-clearing-saddle-brooke",
    "drainclearingsahuarita": "drain-clearing-sahuarita",
    "drainclearingtanqueverde": "drain-clearing-tanque-verde",
    "drainclearingtortolita": "drain-clearing-tortolita",
    "drainclearingtucson": "drain-clearing-tucson",
    "drainclearingtucsonestates": "drain-clearing-tucson-estates",
    "drainclearingvail": "drain-clearing-vail",
    "drainseweravravalley": "drainsewer-avravalley",
    "drainsewercasasadobes": "drainsewer-casasadobes",
    "drainsewercatalinafoothills": "drainsewer-catalinafoothills",
    "drainsewercoronadetucson": "drainsewer-coronadetucson",
    "drainsewercortaro": "drainsewer-cortaro",
    "drainsewerdrexelheights": "drainsewer-drexelheights",
    "drainsewereasttucson": "drainsewer-easttucson",
    "drainsewergladdenfarms": "drainsewer-gladdenfarms",
    "drainsewergreenvalley": "drainsewer-greenvalley",
    "drainsewermarana": "drainsewer-marana",
    "drainsewerorovalley": "drainsewer-orovalley",
    "drainsewerpicturerocks": "drainsewer-picturerocks",
    "drainsewerredrockcasagrande": "drain-sewer-redrockcasagrande",
    "drainsewerrillito": "drainsewer-rillito",
    "drainsewerritaranch": "drainsewer-ritaranch",
    "drainsewersaddlebrookecatalina": "drain-sewer-saddlebrookecatalina",
    "drainsewersahuarita": "drainsewer-sahuarita",
    "drainsewertanqueverde": "drainsewer-tanqueverde",
    "drainsewertucson": "drainsewer-tucson",
    "drainsewervail": "drainsewer-vail",
    "ductcleaning": "duct-cleaning-tucson",
    "ductinstallation": "duct-installation-tucson",
    "ductlessminisplitinstallation": "ductless-installation-tucson",
    "ductlessminisplitrepair": "ductless-repair-tucson",
    "ductrepair": "duct-repair-tucson",
    "ductsealing": "duct-sealing-tucson",
    "easttucson": "east-tucson",
    "electricalavravalley": "electrical-avra-valley",
    "electricalcasasadobes": "electrical-casas-adobes",
    "electricalcatalinafoothills": "electrical-catalinafoothills",
    "electricalcoronadetucson": "electrical-coronade-tucson",
    "electricalcortaro": "electrical-cortaro",
    "electricaldrexelheights": "electrical-drexel-heights",
    "electricaleasttucson": "electrical-east-tucson",
    "electricalgladdenfarms": "electrical-gladden-farms",
    "electricalgreenvalley": "electrical-green-valley",
    "electricalmarana": "electrical-marana",
    "electricalorovalley": "electrical-oro-valley",
    "electricalpanelupgrades": "electrical-panel-upgrades",
    "electricalpicturerocks": "electrical-picture-rocks",
    "electricalredrockcasagrande": "electrical-redrockcasagrande",
    "electricalrepair": "electrical-repair",
    "electricalrillito": "electrical-rillito",
    "electricalritaranch": "electrical-rita-ranch",
    "electricalsaddlebrooke": "electrical-saddle-brooke",
    "electricalsaddlebrookecatalina": "electrical-saddlebrookecatalina",
    "electricalsahuarita": "electrical-sahuarita",
    "electricaltanqueverde": "electrical-tanque-verde",
    "electricaltortolita": "electrical-tortolita",
    "electricaltucson": "electrical-tucson",
    "electricaltucsonestates": "electrical-tucson-estates",
    "electricalvail": "electrical-vail",
    "familyprotectionplans": "family-protection-plans",
    "flatroofs": "flat-roofs",
    "furnaces": "furnaces-tucson",
    "garbagedisposal": "garbage-disposal",
    "generacinstallation": "generac-installation",
    "generacrepair": "generac-repair",
    "gladdenfarms": "gladden-farms",
    "heaterinstallation": "heater-installation-tucson",
    "heaterrepair": "heater-repair-tucson",
    "heaterservice": "heater-service-tucson",
    "heatertuneup": "heater-tuneup-tucson",
    "heatingavravalley": "heating-avra-valley",
    "heatingcasasadobes": "heating-casas-adobes",
    "heatingcatalinafoothills": "heating-catalinafoothills",
    "heatingcoronadetucson": "heating-coronade-tucson",
    "heatingcortaro": "heating-cortaro",
    "heatingdrexelheights": "heating-drexel-heights",
    "heatingeasttucson": "heating-east-tucson",
    "heatinggladdenfarms": "heating-gladden-farms",
    "heatinggreenvalley": "heating-green-valley",
    "heatingmarana": "heating-marana",
    "heatingorovalley": "heating-oro-valley",
    "heatingpicturerocks": "heating-picture-rocks",
    "heatingredrockcasagrande": "heating-redrockcasagrande",
    "heatingrillito": "heating-rillito",
    "heatingritaranch": "heating-rita-ranch",
    "heatingsaddlebrooke": "heating-saddle-brooke",
    "heatingsaddlebrookecatalina": "heating-saddlebrookecatalina",
    "heatingsahuarita": "heating-sahuarita",
    "heatingtanqueverde": "heating-tanque-verde",
    "heatingtortolita": "heating-tortolita",
    "heatingtucson": "heating-tucson",
    "heatingtucsonestates": "heating-tucson-estates",
    "heatingvail": "heating-vail",
    "heatpumps": "heat-pumps-tucson",
    "homeenergyaudit": "home-energy-audit-tucson",
    "homeenergyupgrades": "home-energy-upgrades-tucson",
    "hvacavravalley": "h-v-a-c-avra-valley",
    "hvaccasasadobes": "h-v-a-c-casas-adobes",
    "hvaccatalinafoothills": "hvac-catalinafoothills",
    "hvaccoronadetucson": "h-v-a-c-coronade-tucson",
    "hvaccortaro": "h-v-a-c-cortaro",
    "hvacdrexelheights": "h-v-a-c-drexel-heights",
    "hvaceasttucson": "h-v-a-c-east-tucson",
    "hvacgladdenfarms": "h-v-a-c-gladden-farms",
    "hvacgreenvalley": "h-v-a-c-green-valley",
    "hvacmarana": "h-v-a-c-marana",
    "hvacorovalley": "h-v-a-c-oro-valley",
    "hvacpicturerocks": "h-v-a-c-picture-rocks",
    "hvacredrockcasagrande": "hvac-redrockcasagrande",
    "hvacrillito": "h-v-a-c-rillito",
    "hvacritaranch": "h-v-a-c-rita-ranch",
    "hvacsaddlebrooke": "h-v-a-c-saddle-brooke",
    "hvacsaddlebrookecatalina": "hvac-saddlebrookecatalina",
    "hvacsahuarita": "h-v-a-c-sahuarita",
    "hvactanqueverde": "h-v-a-c-tanque-verde",
    "hvactortolita": "h-v-a-c-tortolita",
    "hvactucson": "h-v-a-c-tucson",
    "hvactucsonestates": "h-v-a-c-tucson-estates",
    "hvacvail": "h-v-a-c-vail",
    "hybridwaterheaters": "hybrid-water-heaters",
    "indoorairquality": "indoor-air-quality-tucson",
    "knowledgehub": "knowledge-hub",
    "leakdetection": "leak-detection",
    "lightingupgrades": "lighting-upgrades",
    "metalroofs": "metal-roofs",
    "newhomebuyeroffer": "new-homebuyer-offer",
    "outdoormotionlighting": "outdoor-motion-lighting",
    "outletsswitches": "outlets-switches",
    "pitchedroofs": "pitched-roofs",
    "plumbingavravalley": "plumbing-avra-valley",
    "plumbingcasasadobes": "plumbing-casas-adobes",
    "plumbingcatalinafoothills": "plumbing-catalinafoothills",
    "plumbingcoronadetucson": "plumbing-coronade-tucson",
    "plumbingcortaro": "plumbing-cortaro",
    "plumbingdrexelheights": "plumbing-drexel-heights",
    "plumbingeasttucson": "plumbing-east-tucson",
    "plumbinggladdenfarms": "plumbing-gladden-farms",
    "plumbinggreenvalley": "plumbing-green-valley",
    "plumbingmaintenance": "plumbing-maintenance",
    "plumbingmarana": "plumbing-marana",
    "plumbingorovalley": "plumbing-oro-valley",
    "plumbingpicturerocks": "plumbing-picture-rocks",
    "plumbingredrockcasagrande": "plumbing-redrockcasagrande",
    "plumbingrillito": "plumbing-rillito",
    "plumbingritaranch": "plumbing-rita-ranch",
    "plumbingsaddlebrooke": "plumbing-saddle-brooke",
    "plumbingsaddlebrookecatalina": "plumbing-saddlebrookecatalina",
    "plumbingsahuarita": "plumbing-sahuarita",
    "plumbingtanqueverde": "plumbing-tanque-verde",
    "plumbingtortolita": "plumbing-tortolita",
    "plumbingtucson": "plumbing-tucson",
    "plumbingtucsonestates": "plumbing-tucson-estates",
    "plumbingvail": "plumbing-vail",
    "privacypolicy": "privacy-policy",
    "realtorsoffer": "realtors-offer",
    "recentprojects": "recent-projects",
    "residentialroofcoating": "residential-roof-coating",
    "residentialroofinspection": "residential-roof-inspection",
    "residentialroofinstallation": "residential-roof-installation",
    "residentialroofrepair": "residential-roof-repair",
    "residentialroofreplacement": "residential-roof-replacement",
    "residentialsolarinstallation": "residential-solar-installation",
    "roofingavravalley": "roofing-avra-valley",
    "roofingcasasadobes": "roofing-casas-adobes",
    "roofingcatalinafoothills": "roofing-catalinafoothills",
    "roofingcoronadetucson": "roofing-coronade-tucson",
    "roofingcortaro": "roofing-cortaro",
    "roofingdrexelheights": "roofing-drexel-heights",
    "roofingeasttucson": "roofing-east-tucson",
    "roofinggladdenfarms": "roofing-gladden-farms",
    "roofinggreenvalley": "roofing-green-valley",
    "roofingmarana": "roofing-marana",
    "roofingorovalley": "roofing-oro-valley",
    "roofingpicturerocks": "roofing-picture-rocks",
    "roofingredrockcasagrande": "roofing-redrockcasagrande",
    "roofingrillito": "roofing-rillito",
    "roofingritaranch": "roofing-rita-ranch",
    "roofingsaddlebrooke": "roofing-saddle-brooke",
    "roofingsaddlebrookecatalina": "roofing-saddlebrookecatalina",
    "roofingsahuarita": "roofing-sahuarita",
    "roofingtanqueverde": "roofing-tanque-verde",
    "roofingtortolita": "roofing-tortolita",
    "roofingtucson": "roofing-tucson",
    "roofingtucsonestates": "roofing-tucson-estates",
    "roofingvail": "roofing-vail",
    "rooterspecial": "rooter-special",
    "saddlebrooke": "saddlebrooke-catalina",
    "sewercamerainspection": "sewer-camera-inspection",
    "sewerlinerepair": "sewer-line-repair",
    "shingleroofs": "shingle-roofs",
    "sinkrepairinstallation": "sink-repair-installation",
    "smartthermostatinstallation": "smart-thermostat-installation-tucson",
    "solarac": "solar-a-c",
    "solarinstallationavravalley": "solar-installation-avra-valley",
    "solarinstallationcasasadobes": "solar-installation-casas-adobes",
    "solarinstallationcatalinafoothills": "solarinstallation-catalinafoothills",
    "solarinstallationcoronadetucson": "solar-installation-coronade-tucson",
    "solarinstallationcortaro": "solar-installation-cortaro",
    "solarinstallationdrexelheights": "solar-installation-drexel-heights",
    "solarinstallationeasttucson": "solar-installation-east-tucson",
    "solarinstallationgladdenfarms": "solar-installation-gladden-farms",
    "solarinstallationgreenvalley": "solar-installation-green-valley",
    "solarinstallationmarana": "solar-installation-marana",
    "solarinstallationorovalley": "solar-installation-oro-valley",
    "solarinstallationpicturerocks": "solar-installation-picture-rocks",
    "solarinstallationredrockcasagrande": "solar-installation-redrockcasagrande",
    "solarinstallationrillito": "solar-installation-rillito",
    "solarinstallationritaranch": "solar-installation-rita-ranch",
    "solarinstallationsaddlebrooke": "solar-installation-saddle-brooke",
    "solarinstallationsaddlebrookecatalina": "solar-installation-saddlebrookecatalina",
    "solarinstallationsahuarita": "solar-installation-sahuarita",
    "solarinstallationtanqueverde": "solar-installation-tanque-verde",
    "solarinstallationtortolita": "solar-installation-tortolita",
    "solarinstallationtucson": "solar-installation-tucson",
    "solarinstallationtucsonestates": "solar-installation-tucson-estates",
    "solarinstallationvail": "solar-installation-vail",
    "solarmaintenance": "solar-maintenance",
    "solarpanelcosts": "solar-panel-costs",
    "solartaxcredits": "solar-tax-credits",
    "solartubularlights": "solar-tubular-lights",
    "tileroofs": "tile-roofs",
    "toiletinstallation": "toilet-installation",
    "trenchlessrepair": "trenchless-repair",
    "tucsonestates": "tucson-estates",
    "videotestimonials": "video-testimonials",
    "waterfiltration": "water-filtration",
    "waterheaterflush": "water-heater-flush",
    "waterheaterinstallation": "water-heater-installation",
    "waterheaterrepair": "water-heater-repair",
    "waterheaters": "water-heaters",
    "waterleakrepair": "water-leak-repair",
    "watersofteners": "water-softeners",
    "whytucsonchoosesintelligentdesign": "why-tucson-chooses-intelligent-design"
  }
}